<?xml version="1.0" encoding="UTF-8"?><!--
        *** GENERATED FROM jax-ws.xml - DO NOT EDIT !                             ***
        *** TO MODIFY wsimport options USE Web Service node -> Edit WS Attributes ***
        *** TO CHANGE TARGETS GENERATED TO jaxws-build.xml COPY THOSE             ***
        *** TARGETS TO ../build.xml AND MODIFY THAT FILE INSTEAD                  ***

        --><project xmlns:j2seproject3="http://www.netbeans.org/ns/j2se-project/3" xmlns:xalan="http://xml.apache.org/xslt" xmlns:jaxws="http://www.netbeans.org/ns/jax-ws/1">
    <!--
                ===================
                JAX-WS WSIMPORT SECTION
                ===================
            -->
    <target name="wsimport-init" depends="init">
        <mkdir dir="${build.generated.sources.dir}/jax-ws"/>
        <taskdef name="wsimport" classname="com.sun.tools.ws.ant.WsImport">
            <classpath path="${libs.jaxws21.classpath}"/>
        </taskdef>
    </target>
    <target name="wsimport-client-CRUD_Piloto" depends="wsimport-init">
        <mkdir dir="${build.generated.dir}/jax-wsCache/CRUD_Piloto"/>
        <property name="wsdl-CRUD_Piloto" location="xml-resources/web-service-references/CRUD_Piloto/wsdl/localhost_8080/Servidor_PistonApp/CRUD_Piloto.wsdl"/>
        <wsimport sourcedestdir="${build.generated.dir}/jax-wsCache/CRUD_Piloto" destdir="${build.generated.dir}/jax-wsCache/CRUD_Piloto" wsdl="${wsdl-CRUD_Piloto}" catalog="catalog.xml" encoding="${source.encoding}" extension="true" verbose="true" fork="false" wsdlLocation="http://localhost:8080/Servidor_PistonApp/CRUD_Piloto?WSDL" xnocompile="true" xendorsed="true">
            <depends file="${wsdl-CRUD_Piloto}"/>
            <produces dir="${build.generated.dir}/jax-wsCache/CRUD_Piloto"/>
        </wsimport>
        <copy todir="${build.generated.sources.dir}/jax-ws">
            <fileset dir="${build.generated.dir}/jax-wsCache/CRUD_Piloto">
                <include name="**/*.java"/>
            </fileset>
        </copy>
    </target>
    <target name="wsimport-client-clean-CRUD_Piloto" depends="-init-project">
        <delete dir="${build.generated.dir}/jax-wsCache/CRUD_Piloto"/>
        <delete dir="${build.generated.sources.dir}/jax-ws/javeriana/edu/co"/>
    </target>
    <target name="wsimport-client-generate" depends="wsimport-client-CRUD_Piloto"/>
</project>
